{"cameraMode":{"drawMode":0,"name":"Shaded","section":"Shading Mode"},"sceneLighting":true,"audioPlay":false,"sceneViewState":{"m_AlwaysRefresh":false,"showFog":true,"showSkybox":true,"showFlares":true,"showImageEffects":true,"showParticleSystems":true,"showVisualEffectGraphs":true,"m_FxEnabled":true},"in2DMode":false,"pivot":{"x":9.180669784545899,"y":-0.5961809158325195,"z":37.375953674316409},"rotation":{"x":0.15316879749298097,"y":-0.4326097071170807,"z":0.07485120743513107,"w":0.8853549957275391},"size":7.735616207122803,"orthographic":false}